<?xml version="1.0" encoding="UTF-8" standalone="yes"?>
<customerXML>
    <customerXML>
        <bookingDate>2024-03-25T14:07:25.671077200</bookingDate>
        <cccd>1</cccd>
        <name>Vu Van Manh</name>
        <payingDate>2024-03-25T14:07:31.703740300</payingDate>
        <phoneNumber>1</phoneNumber>
        <roomNumber>D00</roomNumber>
        <roomType>Double Room</roomType>
    </customerXML>
    <customerXML>
        <bookingDate>2024-03-25T14:28:36.764025100</bookingDate>
        <cccd>1</cccd>
        <name>Vu Van Manh</name>
        <payingDate>2024-03-25T14:29:03.681989400</payingDate>
        <phoneNumber>2</phoneNumber>
        <roomNumber>S00</roomNumber>
        <roomType>Single Room</roomType>
    </customerXML>
    <customerXML>
        <bookingDate>2024-03-25T14:28:58.479246900</bookingDate>
        <cccd>5</cccd>
        <name>Vu Quoc Viet</name>
        <payingDate>2024-03-25T14:29:06.363130400</payingDate>
        <phoneNumber>5</phoneNumber>
        <roomNumber>D00</roomNumber>
        <roomType>Double Room</roomType>
    </customerXML>
</customerXML>
